id;title;content;date_creation
1;également;quoique;2024-10-25T11:55:33
2;pschitt contempler;ha en face de présidence;2024-10-25T21:03:38
3;ronron dedans bzzz;à l'exception de au-dehors;2024-10-25T06:15:28
4;brave croâ ramener;douter lorsque;2024-10-25T09:15:17
5;diététiste;danser persuader à condition que;2024-10-25T10:52:55
6;antique brave;avant-hier gestionnaire;2024-10-25T11:37:45
7;certainement de sorte que;broum pisser;2024-10-25T03:55:45
8;tsoin-tsoin toujours bzzz;jeune enfant ding ouille;2024-10-25T11:00:32
9;commander;à l'exception de police;2024-10-25T19:40:55
10;fidèle au cas où;snif;2024-10-25T07:56:17
